CREATE DATABASE challenge48h;





insert into Shop (id, name, keywords, tag, localisation) values ('6e7da96f-63f6-4c1b-bca0-3edff6314b91', 'Meejo', 'Lorem ipsum dolor sit amet','tag', '54498 High Crossing Junction');
insert into Shop (id, name, keywords, tag, localisation) values ('60d8ca0c-3204-4811-bf23-e276bee870f5', 'Realpoint', 'Nulla nisl Nunc nisl','tag', '230 Kipling Point');

insert into User (id, passwordhash, name, email, address, role) values ('d2937569-8462-41f1-b1b0-21be31832876', 'a2e792192c7d51e0ebb9acae3f28f4a396f6513ce29f51595aefb83c3ccfc5fe', 'jean', 'addjean@slideshare.net', '36 Crownhardt Trail', 'admin');
insert into User (id, passwordhash, name, email, address, role) values ('da0f1692-cb8d-4c22-98ee-8109a4e3e2ce', '1b1b5f825ced2fde10f86debe73482fbab070e0943d30a26a1916b21232de648', 'jack', 'addjack@jugem.jp', '3 Sauthoff Street', 'trader');
insert into User (id, passwordhash, name, email, address, role) values ('9738e88b-7163-4175-9d03-72a6a90dc9f2', '91f613b90a26a006212740cf4ee7c53c9719d8f23adb4d86f48c8957ac63fb16', 'jhon', 'addjhon@businessweek.com', '8 Dakota Drive', 'null');

insert into Bag (id, userid, createdat, updatedat) values ('2987fd03-c1dd-42fa-8412-c031a5397741', 'd2937569-8462-41f1-b1b0-21be31832876', '2/9/2022', '5/1/2022');
insert into Bag (id, userid, createdat, updatedat) values ('8811da35-ee1d-4739-b2f8-9c5b9365e105', 'da0f1692-cb8d-4c22-98ee-8109a4e3e2ce', '6/24/2022', '5/14/2022');
insert into Bag (id, userid, createdat, updatedat) values ('7e48d07c-372a-4eff-bd14-1a179bd74989', '9738e88b-7163-4175-9d03-72a6a90dc9f2', '10/15/2022', '2/11/2022');

insert into Article (id, name, price, description, urlimg, shopid, type) values ('14b57283-32f9-421a-89e2-d194861edf58', 'chaussure', 31, 'La description', 'https://www.google.com/url?sa=i&url=https%3A%2F%2Fwww.monsieurchaussure.com%2Ffr%2Fbook%2Fp20-glacer-ses-chaussures&psig=AOvVaw1D0cF4-PV6VNVEgCm8uIpB&ust=1675877881311000&source=images&cd=vfe&ved=0CBAQjRxqFwoTCJCj8OD5g_0CFQAAAAAdAAAAABAF', '6e7da96f-63f6-4c1b-bca0-3edff6314b91', 'vetement');
insert into Article (id, name, price, description, urlimg, shopid, type) values ('df4ad722-bbee-4aee-b9ef-5414fb84b694', 'ballon', 40, 'La description', 'https://www.google.com/imgres?imgurl=https%3A%2F%2Fwww.clickforfoot.com%2F10998-thickbox_default%2Fballon-officiel-ligue-1-football-match-t5.jpg&imgrefurl=https%3A%2F%2Fwww.clickforfoot.com%2Fballons-de-football%2F18481-ballon-officiel-ligue-1-football-match-t5.html&tbnid=ZIEUTIaY0PInpM&vet=12ahUKEwjpsZ_r-YP9AhW_mycCHU3cCpcQMygKegUIARDDAg..i&docid=fu6vsqtAzdS2yM&w=800&h=800&q=image%20ballon&ved=2ahUKEwjpsZ_r-YP9AhW_mycCHU3cCpcQMygKegUIARDDAg', '6e7da96f-63f6-4c1b-bca0-3edff6314b91', 'sport');
insert into Article (id, name, price, description, urlimg, shopid, type) values ('a98952fd-d6aa-4c39-919d-6ade06a0349c', 'souris', 77, 'La description', 'https://www.google.com/imgres?imgurl=https%3A%2F%2Fpic.clubic.com%2Fv1%2Fimages%2F1846098%2Fraw%3Ffit%3DsmartCrop%26width%3D550%26height%3D450%26hash%3Dad37fe6c9219020fd604baf4ac5084b8ead34f0d&imgrefurl=https%3A%2F%2Fwww.clubic.com%2Fmateriel-informatique%2Fsouris%2Farticle-846483-1-comparatif-souris-pc-gamer-filaire-sans-fil.html&tbnid=uDn8-x41pS7-2M&vet=12ahUKEwi2tvn--YP9AhWMQ_EDHSYICL8QMygOegUIARDdAg..i&docid=itsvXJno1ibrSM&w=550&h=450&q=image%20souris%20ordi&ved=2ahUKEwi2tvn--YP9AhWMQ_EDHSYICL8QMygOegUIARDdAg', '6e7da96f-63f6-4c1b-bca0-3edff6314b91', 'informatique');
insert into Article (id, name, price, description, urlimg, shopid, type) values ('d221cea1-0cd6-449c-a6c4-b7b6010cddbd', 'herbe à chat', 63, 'La description', 'https://www.google.com/url?sa=i&url=https%3A%2F%2Fwww.truffaut.com%2Fherbe-chat-diametre-12-cm-482810.html&psig=AOvVaw0q8-IqB-wgKrepNoAA2BBJ&ust=1675877978841000&source=images&cd=vfe&ved=0CBAQjRxqFwoTCMitkY_6g_0CFQAAAAAdAAAAABAE', '6e7da96f-63f6-4c1b-bca0-3edff6314b91', 'nature');
insert into Article (id, name, price, description, urlimg, shopid, type) values ('2d467a21-b380-4d4f-bc60-c1b51de13832', 'planche', 92, 'La description', 'https://www.google.com/imgres?imgurl=https%3A%2F%2Fwww.centralbois.fr%2F406-large_default%2Fplanche-22x190mm-en-3m-douglas-rabote-naturel-c18.jpg&imgrefurl=https%3A%2F%2Fwww.centralbois.fr%2Fcharpente%2F93-planche-22x190mm-en-3m-douglas-rabote-naturel-c18.html&tbnid=vq7gbBP1mS7VGM&vet=12ahUKEwjXlcCW-oP9AhVboycCHWryDs0QMygBegUIARD1AQ..i&docid=eCOJ1U2M6ktXMM&w=800&h=800&q=image%20planche&ved=2ahUKEwjXlcCW-oP9AhVboycCHWryDs0QMygBegUIARD1AQ', '6e7da96f-63f6-4c1b-bca0-3edff6314b91', 'nature');
insert into Article (id, name, price, description, urlimg, shopid, type) values ('88a521ac-e2eb-45c5-af91-eef1a870c2b5', 'oeuf', 49, 'La description', 'https://www.google.com/imgres?imgurl=https%3A%2F%2Fwww.presse-citron.net%2Fapp%2Fuploads%2F2019%2F01%2Foeuf-instagram.jpg&imgrefurl=https%3A%2F%2Fwww.presse-citron.net%2Fphoto-dun-oeuf-desormais-la-plus-likee-instagram%2F&tbnid=WZLGBEDQeuqkrM&vet=12ahUKEwiXiNqj-oP9AhUFb_EDHZFqAUQQMygAegUIARDkAQ..i&docid=gVasPlhSxPSwzM&w=1400&h=932&q=image%20oeuf&ved=2ahUKEwiXiNqj-oP9AhUFb_EDHZFqAUQQMygAegUIARDkAQ', '6e7da96f-63f6-4c1b-bca0-3edff6314b91', 'nourriture');
insert into Article (id, name, price, description, urlimg, shopid, type) values ('c0d39fea-29da-4f91-87e8-5a90a3401b41', 'shampoing', 88, 'La description', 'https://www.google.com/imgres?imgurl=https%3A%2F%2Fwww.monvanityideal.com%2Fdata%2Fproduits%2F37%2F43%2Fu%2Fgarnier-ultra-doux-shampoing-purifiant-argile-cedrat-65f09d2d3890a147fb0aa3758445c9d0.jpg&imgrefurl=https%3A%2F%2Fwww.monvanityideal.com%2Favis-produit%2Fshampoing-purifiant-argile-douce-cedrat-garnier&tbnid=_kbVcplNM6aA3M&vet=12ahUKEwjj9f2s-oP9AhURX_EDHSOEAFoQMygAegUIARDjAg..i&docid=_vgngj9Nkqd1kM&w=380&h=380&q=image%20shampoing&ved=2ahUKEwjj9f2s-oP9AhURX_EDHSOEAFoQMygAegUIARDjAg', '60d8ca0c-3204-4811-bf23-e276bee870f5', 'soin');
insert into Article (id, name, price, description, urlimg, shopid, type) values ('ad7d1093-c876-4e66-b4cb-566e5216d321', 'telephone', 28, 'La description', 'https://www.google.com/imgres?imgurl=https%3A%2F%2Fmedia.istockphoto.com%2Fid%2F1318420912%2Ffr%2Fvectoriel%2Fmaquettez-le-t%25C3%25A9l%25C3%25A9phone-d%25C3%25A9cran.jpg%3Fs%3D612x612%26w%3D0%26k%3D20%26c%3DsEKuDAaSDNk6C0nbZG77IpIIxC9UByEP5oLQIY7P81Y%3D&imgrefurl=https%3A%2F%2Fwww.istockphoto.com%2Ffr%2Fvectoriel%2Fmaquettez-le-t%25C3%25A9l%25C3%25A9phone-d%25C3%25A9cran-gm1318420912-405555013&tbnid=fsC7aSp7RmCosM&vet=12ahUKEwjPmpG3-oP9AhVNjycCHV-UDnEQMygDegUIARDqAQ..i&docid=Wvu-gkfO9O5WWM&w=612&h=490&q=image%20telephone&ved=2ahUKEwjPmpG3-oP9AhVNjycCHV-UDnEQMygDegUIARDqAQ', '60d8ca0c-3204-4811-bf23-e276bee870f5', 'informatique');
insert into Article (id, name, price, description, urlimg, shopid, type) values ('d89cd46d-5d7a-43c1-a72b-acd15a4ac469', 'écouteurs', 79, 'La description', 'https://www.google.com/imgres?imgurl=https%3A%2F%2Fboulanger.scene7.com%2Fis%2Fimage%2FBoulanger%2F0190198107077_h_f_l_0%3Fwid%3D500%26hei%3D500&imgrefurl=https%3A%2F%2Fwww.boulanger.com%2Fref%2F1026489&tbnid=OoKJFIfvoFqVIM&vet=12ahUKEwj4qM---oP9AhWFcPEDHbNJDD8Q94IIKAN6BQgBEMwC..i&docid=P4dVugoxsC_RIM&w=500&h=500&q=image%20%C3%A9couteurs&ved=2ahUKEwj4qM---oP9AhWFcPEDHbNJDD8Q94IIKAN6BQgBEMwC', '60d8ca0c-3204-4811-bf23-e276bee870f5', 'informatique');
insert into Article (id, name, price, description, urlimg, shopid, type) values ('854cca95-120f-49b3-b054-ef4f86801791', 'chaise', 25, 'La description', 'https://www.google.com/imgres?imgurl=https%3A%2F%2Fwww.ikea.com%2Ffr%2Ffr%2Fimages%2Fproducts%2Fstefan-chaise-brun-noir__0727320_pe735593_s5.jpg%3Ff%3Ds&imgrefurl=https%3A%2F%2Fwww.ikea.com%2Ffr%2Ffr%2Fp%2Fstefan-chaise-brun-noir-00211088%2F&tbnid=Be-rJofIHeU15M&vet=12ahUKEwipl6TG-oP9AhXgY_EDHQSdAVMQMygEegUIARCbAw..i&docid=F60zWcWqePaYqM&w=600&h=600&q=image%20chaise&ved=2ahUKEwipl6TG-oP9AhXgY_EDHQSdAVMQMygEegUIARCbAw', '60d8ca0c-3204-4811-bf23-e276bee870f5', 'meuble');

insert into BagArticleLink (articleid, bagid, numberofarticle, color, size) values ('14b57283-32f9-421a-89e2-d194861edf58', '7e48d07c-372a-4eff-bd14-1a179bd74989', 1, 'Turquoise', 'M');
insert into BagArticleLink (articleid, bagid, numberofarticle, color, size) values ('df4ad722-bbee-4aee-b9ef-5414fb84b694', '7e48d07c-372a-4eff-bd14-1a179bd74989', 2, 'Aquamarine', 'M');
insert into BagArticleLink (articleid, bagid, numberofarticle, color, size) values ('a98952fd-d6aa-4c39-919d-6ade06a0349c', '7e48d07c-372a-4eff-bd14-1a179bd74989', 3, 'Turquoise', 'L');
insert into BagArticleLink (articleid, bagid, numberofarticle, color, size) values ('d221cea1-0cd6-449c-a6c4-b7b6010cddbd', '7e48d07c-372a-4eff-bd14-1a179bd74989', 4, 'Violet', 'L');
